ipo_id,company_name,symbol,sector,issue_open_date,issue_close_date,allotment_date,listing_date,first_trading_date,total_issue_shares,general_public_shares,issue_price,face_value,issue_premium,valid_applications,applied_shares,first_day_open,first_day_high,first_day_low,first_day_close,first_day_ltp,net_worth_per_share,eps,book_value_per_share,casba_fee,annual_account_cost,risk_free_rate,capital_lock_days
1,Sarbottam Cement Limited,SARBTM,Manufacturing And Processing,2024-02-25,2024-02-28,2024-03-08,2024-03-18,2024-03-19,6000000,2776076,360.90,100,260.90,958959,50613360,556.00,611.60,556.00,611.60,611.60,185.36,5.13,185.36,15,150,0.06,9
2,Sonapur Minerals and Oil Limited,SONA,Manufacturing And Processing,2023-10-01,2023-10-05,2023-10-11,2023-10-19,2023-10-29,12300200,9732544,237.58,100,137.58,1114697,14773900,350.00,350.00,315.00,315.00,315.00,143.46,1.42,143.46,15,150,0.06,7
3,IME Life Insurance Company Limited,ILI,Life Insurance,2023-07-06,2023-07-10,2023-07-15,2023-08-03,2023-08-06,12000000,9600000,236.91,100,136.91,1188996,14372570,380.00,417.90,380.00,417.90,417.90,161.65,9.19,161.65,15,150,0.06,6
4,Ghorahi Cement Industry Limited,GCIL,Manufacturing And Processing,2023-07-07,2023-07-10,2023-07-16,2023-08-10,2023-08-13,7943801,6911670,435.00,100,335.00,673839,25420320,565.50,565.50,509.00,509.00,509.00,226.61,6.81,226.61,15,150,0.06,7
5,Vision Lumbini Urja Company Limited,VLUCL,Hydro Power,2023-11-02,2023-11-06,2023-11-21,2023-12-20,2023-12-21,3825000,2075285,100.00,100.00,0.00,1156927,12397480,365.30,401.80,365.30,401.80,401.80,139.77,21.81,139.77,15,150,0.06,16
6,Sun Nepal Life Insurance Company Limited,SNLI,Life Insurance,2023-08-17,2023-08-21,2023-09-01,2023-09-19,2023-09-21,9600000,7680000,239.00,100.00,139.00,1460061,17860420,475.20,522.70,455.00,470.00,470.00,135.68,13.68,135.68,15,150,0.06,12
7,Reliable Nepal Life Insurance Limited,RNLI,Life Insurance,2023-08-08,2023-08-11,2023-08-16,2023-09-13,2023-09-17,12000000,9600000,257.00,100.00,157.00,1356836,15930010,486.60,535.20,486.60,495.00,495.00,162.29,24.46,162.29,15,150,0.06,6
8,Mid Solu Hydropower Limited,MSHL,Hydro Power,2023-09-15,2023-09-19,2023-09-27,2023-10-11,2023-10-12,1496800,621172,100.00,100.00,0.00,1282819,14056210,300.00,330.00,300.00,330.00,330.00,100.00,0.00,100.00,15,150,0.06,9
9,Bhagawati Hydropower Development Company Limited,BGWT,Hydro Power,2023-08-22,2023-08-25,2023-09-04,2023-10-11,2023-10-12,1430162,712220,116.00,100.00,16.00,1306677,14240550,361.10,397.20,361.10,397.20,397.20,120.41,19.23,120.41,15,150,0.06,11
10,Hathway Investment Nepal Limited,HATHY,Investment,2023-09-07,2023-09-11,2023-09-19,2023-10-10,2023-10-11,2925000,2427750,50.00,50.00,0.00,1267709,29651520,285.20,313.70,285.20,313.70,313.70,95.09,9.56,95.09,15,150,0.06,9
11,Mandu Hydropower Limited,MANDU,Hydro Power,2023-08-27,2023-08-30,2023-09-10,2023-10-10,2023-10-11,1636370,1205320,206.00,100.00,106.00,872837,9417870,373.20,410.50,373.20,410.50,410.50,128.11,19.26,128.11,15,150,0.06,12
12,Citizen Life Insurance Company Limited,CLI,Life Insurance,2023-09-01,2023-09-05,2023-09-14,2023-09-27,2023-10-01,11250000,9000000,244.00,100.00,144.00,1407237,15522370,508.00,508.00,457.20,457.20,457.20,172.43,21.49,172.43,15,150,0.06,10
13,Sanima Life Insurance Company Limited,SLI,Life Insurance,2021-08-04,2021-08-08,2021-08-14,2021-09-01,2021-09-02,6000000,5400000,100.00,100.00,0.00,2308122,342796200,309.00,339.90,309.00,339.90,339.90,103.51,3.91,103.51,15,150,0.06,7
14,Balephi Hydropower Limited,BHL,Hydro Power,2022-03-30,2022-04-04,2022-04-12,2022-05-24,2022-05-25,1827970,1663453,100.00,100.00,0.00,2168100,24358530,104.70,110.90,104.70,110.90,110.90,93.64,-6.08,93.64,15,150,0.06,9
15,Green Ventures Limited,GVL,Hydro Power,2022-03-22,2022-03-25,2022-04-03,2022-04-17,2022-04-19,3125000,2875000,100.00,100.00,0.00,2106516,24277000,271.10,298.20,271.10,298.20,298.20,91.86,-0.42,91.86,15,150,0.06,10
16,Jalpa Samudayik Laghubitta Bittiya Sanstha Limited,JALPA,Microfinance,2022-02-04,2022-02-08,2022-02-13,2022-03-11,2022-03-14,522000,487900,100.00,100.00,0.00,2591702,30716830,318.60,318.60,318.60,318.60,318.60,448.21,96.00,448.21,15,150,0.06,6
17,Upakar Laghubitta Bittiya Sanstha Limited,ULBSL,Microfinance,2022-04-08,2022-04-13,2022-04-22,2022-05-26,2022-05-27,236250,221156,100.00,100.00,0.00,2349056,26230930,1211.00,1259.90,1211.00,1259.90,1259.90,403.91,140.00,403.91,15,150,0.06,10
18,Emerging Nepal Limited,ENL,Investment,2022-02-09,2022-02-13,2022-02-16,2022-03-05,2022-03-06,555600,516708,100.00,100.00,0.00,2328706,26401970,287.10,287.10,287.10,287.10,287.10,105.11,2.32,105.11,15,150,0.06,4
19,Singati Hydro Energy Limited,SHEL,Hydro Power,2021-03-19,2021-03-23,2021-04-09,2021-04-27,2021-04-28,2900000,2697000,100.00,100.00,0.00,1559802,22768260,300.00,330.00,300.00,330.00,330.00,100.00,0.00,100.00,15,150,0.06,18
20,Ru Ru Jalbidhyut Pariyojana Limited,RURU,Hydro Power,2021-04-02,2021-04-06,2021-04-16,2021-05-02,2021-05-03,407706,379167,120.00,100.00,20.00,1590896,21876610,356.00,384.00,356.00,384.00,384.00,118.84,17.90,118.84,15,150,0.06,11
21,Mahila Laghubitta Bittiya Sanstha Limited,MLBSL,Microfinance,2021-02-12,2021-02-17,2021-02-26,2021-03-15,2021-03-16,400000,375000,100.00,100.00,0.00,1536682,23692630,438.00,446.00,438.00,446.00,446.00,269.66,58.60,269.66,15,150,0.06,10
22,Jyoti Life Insurance Company Limited,JLI,Life Insurance,2021-03-05,2021-03-10,2021-03-26,2021-04-06,2021-04-07,6600000,5940000,100.00,100.00,0.00,1804648,38057710,360.00,388.00,360.00,388.00,388.00,120.29,11.82,120.29,15,150,0.06,17
23,Prabhu Life Insurance Limited,PLI,Life Insurance,2020-12-14,2020-12-17,2020-12-25,2021-01-01,2021-01-03,6000000,5400000,100.00,100.00,0.00,1049047,27821160,137.00,141.00,137.00,141.00,141.00,106.56,5.83,106.56,15,150,0.06,9
24,Chandragiri Hills Limited,CGH,Hotels And Tourism,2021-01-08,2021-01-12,2021-01-22,2021-02-05,2021-02-07,1534091,1396022,100.00,100.00,0.00,1211115,22820210,161.00,164.00,161.00,164.00,164.00,84.88,-12.67,84.88,15,150,0.06,11
25,Nepal Infrastructure Bank Limited,NIFRA,Investment,2021-01-15,2021-01-19,2021-01-29,2021-02-11,2021-02-14,80000000,75840000,100.00,100.00,0.00,1475008,167210000,340.00,374.00,340.00,374.00,374.00,113.62,7.06,113.62,15,150,0.06,11
26,Reliance Life Insurance Limited,RLI,Life Insurance,2020-08-20,2020-08-24,2020-08-28,2020-09-07,2020-09-08,6300000,5670000,100.00,100.00,0.00,587509,22926010,322.00,340.00,322.00,340.00,340.00,107.59,1.54,107.59,15,150,0.06,5
27,Samaj Laghubittya Bittiya Sanstha Limited,SAMAJ,Microfinance,2020-08-20,2020-08-24,2020-08-31,2020-09-24,2023-07-17,86000,80700,100.00,100.00,0.00,547370,11464920,72.10,72.10,72.10,72.10,72.10,67.14,-18.68,67.14,15,150,0.06,8
28,Ajod Insurance Limited,AIL,Non-Life Insurance,2020-07-09,2020-07-13,2020-07-17,2020-07-27,2020-08-02,3000000,2730000,100.00,100.00,0.00,484498,17215490,291.00,320.00,291.00,320.00,320.00,92.00,5.89,92.00,15,150,0.06,5
29,Sadhana Laghubitta Bittiya Sanstha Limited,SDLBSL,Microfinance,2020-07-05,2020-07-08,2020-07-13,2020-08-05,2020-08-06,707800,661520,100.00,100.00,0.00,447869,19147600,390.00,397.00,390.00,397.00,397.00,130.12,24.87,130.12,15,150,0.06,6
30,NIC ASIA Laghubitta Bittiya Sanstha Limited,NICLBSL,Microfinance,2020-06-24,2020-06-28,2020-07-04,2020-07-08,2020-07-09,4755000,4443200,100.00,100.00,0.00,397741,21612860,331.00,364.00,331.00,364.00,364.00,110.43,10.98,110.43,15,150,0.06,7